,sobregeneralizaci贸n,leer la mente,imperativos,etiquetado,pensamiento absolutista,adivinaci贸n,catastrofismo,abstracci贸n selectiva,razonamiento emocional,personalizaci贸n,single-label-average,multi-label-cosine,multi-label-exact
xavi-mireia,0.46791226645004,0.6237794371051121,1.0,0.7613843351548271,0.8356336260978671,0.447443900792981,0.6003660768761441,0.56670341786108,0.7295782954880561,0.37187000532765,0.6404671361153761,0.701277619490943,0.478639388097755
miriam-mireia,0.12782956058588502,0.5980474198047421,0.46311475409836006,0.7613843351548271,0.137762130720955,0.330037504261847,0.5069008782936011,0.35626535626535605,0.5730581205866371,0.300089047195013,0.415448910696722,0.5203265040513111,0.255135730007336
xavi-miriam,0.10937038131835601,0.618682191055834,0.46311475409836006,0.8015151515151511,0.21084337349397503,0.638352091739222,0.55219563502498,0.00871359779867,0.711362920994649,0.60262891809909,0.47167790151382905,0.552744474674853,0.31039821638694504
xavi-pre-annotator,0.703545385969323,0.7573432124900761,0.8492520138089751,0.681845780206435,0.9612311334714411,0.716572912159238,0.7447815196214861,0.593264867446859,0.9082633053221281,0.6909336029659591,0.7607033733461921,0.79469517327528,0.626945956208075
miriam-pre-annotator,-0.06273661438615401,0.662022703818369,0.579858883899935,0.681845780206435,0.226089733354622,0.50849702052527,0.569281352747768,0.217273221075502,0.628895184135977,0.5201465201465201,0.453117378552424,0.5348376179026041,0.29678533966804405
mireia-pre-annotator,0.501110758489368,0.5980474198047421,0.8492520138089751,0.7296181630546951,0.7981510015408321,0.43583118001722604,0.6883425852498011,0.595262615859938,0.8068416396343261,0.183437221727515,0.618589459918742,0.6816768474451931,0.473244664398391
